.com,
.net,
24-Jul,
ABC,
ABS,
Affair,
Africa,
agency,
Jazeera,
alert,
America,
Asia,
Association,
AstraZeneca,
Australia,
BBC,
BioNTech,
Biotech,
Bloomberg, 
breaking,
Brief,
Briefly, 
Bulletin, 
Business,
Buzz, 
Canada,
CBS, 
CDC,
Central,
channel,
China,
Chronicle,
Circuit,
Citizen,
city,
CNA,
CNN, 
Commercial, 
consulting, 
CoronaVac,
Council, 
county, 
Covaxin, 
Covid,
Covid-19, 
CoviShield, 
Current, 
CVS, 
daily, 
Desk, 
Dialogue, 
Digital,
Eastern,
Econimic,
Empire, 
EpiVacCorona, 
Europe, 
Express, 
Federation, 
feeds, 
Finder, 
First, 
Forbes, 
Fox, 
General, 
global, 
gov, 
group,
Guardian,
headline,
Headlines, 
health, 
hospital, 
Hour, 
Hub, 
India, 
Insider, 
Issues, 
Janssen, 
Johnson & Johnson, 
J&J, 
Journal, 
Journalists, 
Kroger, 
Latest, 
Live,
LLC, 
local,
mail,
Market, 
mass,
media, 
Medical, 
Medium, 
Messenger, 
Moderna, 
Month, 
Morning,
nation,
National, 
NBC, 
network, 
New York, 
news, 
Newspaper, 
Novavax, 
Now, 
online, 
Org, 
organisation,
organization, 
Pandemic,
Pfizer,
Pharmacy,
Philippines,
Podcast,
Policy,
Political,
Popular,
Post,
press,
Progress,
Project,
Public,
Radio,
Reporter,
Republic,
Reuters,
Science,
Sinopharm,
Sinovac,
Sky,
Society,
Sputnik,
Square,
state,
Stigma,
Street,
Studio,
Talk,
team,
Tech,
Technology,
Telegram,
Telegraph,
times,
today,
TOI,
Top,
Top10,
trend,
Tribune,
TV,
Union,
update,
USA,
vaccine,
Viral,
Voice,
Walgreens,
Watch,
Week,
Week1,
Weekly,
Western,
WHO,
Wire,
world,
Wuhan,
Yahoo,
Zone,
Zydus,
Kyiv,
Kiev,
Russia,
Ukraine,
Moscow,
Independant,
ASB,
New York,
MSNBC,
globe,
Info,
The Sun, 
International,
Standard,
Nations,
Sport,
Sports,